ID,Solution History
d21c31e7-d5c2-4669-8f1e-a32e373bbd87,246
d21c31e7-d5c2-4669-8f1e-a32e373bbd87,259
d21c31e7-d5c2-4669-8f1e-a32e373bbd87,288
d21c31e7-d5c2-4669-8f1e-a32e373bbd87,281
d21c31e7-d5c2-4669-8f1e-a32e373bbd87,252
d21c31e7-d5c2-4669-8f1e-a32e373bbd87,228
d21c31e7-d5c2-4669-8f1e-a32e373bbd87,248
d21c31e7-d5c2-4669-8f1e-a32e373bbd87,203
d21c31e7-d5c2-4669-8f1e-a32e373bbd87,228
d21c31e7-d5c2-4669-8f1e-a32e373bbd87,213
d21c31e7-d5c2-4669-8f1e-a32e373bbd87,203
d21c31e7-d5c2-4669-8f1e-a32e373bbd87,206
d21c31e7-d5c2-4669-8f1e-a32e373bbd87,177
d21c31e7-d5c2-4669-8f1e-a32e373bbd87,200
d21c31e7-d5c2-4669-8f1e-a32e373bbd87,213
d21c31e7-d5c2-4669-8f1e-a32e373bbd87,248
d21c31e7-d5c2-4669-8f1e-a32e373bbd87,228
d21c31e7-d5c2-4669-8f1e-a32e373bbd87,206
d21c31e7-d5c2-4669-8f1e-a32e373bbd87,248
d21c31e7-d5c2-4669-8f1e-a32e373bbd87,203
d21c31e7-d5c2-4669-8f1e-a32e373bbd87,228
d21c31e7-d5c2-4669-8f1e-a32e373bbd87,213
d21c31e7-d5c2-4669-8f1e-a32e373bbd87,203
d21c31e7-d5c2-4669-8f1e-a32e373bbd87,206
d21c31e7-d5c2-4669-8f1e-a32e373bbd87,213
d21c31e7-d5c2-4669-8f1e-a32e373bbd87,248
d21c31e7-d5c2-4669-8f1e-a32e373bbd87,228
d21c31e7-d5c2-4669-8f1e-a32e373bbd87,206
d21c31e7-d5c2-4669-8f1e-a32e373bbd87,248
d21c31e7-d5c2-4669-8f1e-a32e373bbd87,203
d21c31e7-d5c2-4669-8f1e-a32e373bbd87,228
d21c31e7-d5c2-4669-8f1e-a32e373bbd87,213
d21c31e7-d5c2-4669-8f1e-a32e373bbd87,203
d21c31e7-d5c2-4669-8f1e-a32e373bbd87,206
d21c31e7-d5c2-4669-8f1e-a32e373bbd87,213
d21c31e7-d5c2-4669-8f1e-a32e373bbd87,248
d21c31e7-d5c2-4669-8f1e-a32e373bbd87,228
d21c31e7-d5c2-4669-8f1e-a32e373bbd87,206
d21c31e7-d5c2-4669-8f1e-a32e373bbd87,248
d21c31e7-d5c2-4669-8f1e-a32e373bbd87,203
d21c31e7-d5c2-4669-8f1e-a32e373bbd87,228
d21c31e7-d5c2-4669-8f1e-a32e373bbd87,213
d21c31e7-d5c2-4669-8f1e-a32e373bbd87,203
d21c31e7-d5c2-4669-8f1e-a32e373bbd87,206
d21c31e7-d5c2-4669-8f1e-a32e373bbd87,213
d21c31e7-d5c2-4669-8f1e-a32e373bbd87,248
d21c31e7-d5c2-4669-8f1e-a32e373bbd87,228
d21c31e7-d5c2-4669-8f1e-a32e373bbd87,206
d21c31e7-d5c2-4669-8f1e-a32e373bbd87,248
d21c31e7-d5c2-4669-8f1e-a32e373bbd87,203
d21c31e7-d5c2-4669-8f1e-a32e373bbd87,228
d21c31e7-d5c2-4669-8f1e-a32e373bbd87,213
d21c31e7-d5c2-4669-8f1e-a32e373bbd87,203
d21c31e7-d5c2-4669-8f1e-a32e373bbd87,206
d21c31e7-d5c2-4669-8f1e-a32e373bbd87,213
d21c31e7-d5c2-4669-8f1e-a32e373bbd87,248
d21c31e7-d5c2-4669-8f1e-a32e373bbd87,228
d21c31e7-d5c2-4669-8f1e-a32e373bbd87,206
d21c31e7-d5c2-4669-8f1e-a32e373bbd87,248
d21c31e7-d5c2-4669-8f1e-a32e373bbd87,203
d21c31e7-d5c2-4669-8f1e-a32e373bbd87,228
d21c31e7-d5c2-4669-8f1e-a32e373bbd87,213
d21c31e7-d5c2-4669-8f1e-a32e373bbd87,203
d21c31e7-d5c2-4669-8f1e-a32e373bbd87,206
d21c31e7-d5c2-4669-8f1e-a32e373bbd87,213
d21c31e7-d5c2-4669-8f1e-a32e373bbd87,248
d21c31e7-d5c2-4669-8f1e-a32e373bbd87,228
d21c31e7-d5c2-4669-8f1e-a32e373bbd87,206
d21c31e7-d5c2-4669-8f1e-a32e373bbd87,248
d21c31e7-d5c2-4669-8f1e-a32e373bbd87,203
d21c31e7-d5c2-4669-8f1e-a32e373bbd87,228
d21c31e7-d5c2-4669-8f1e-a32e373bbd87,213
d21c31e7-d5c2-4669-8f1e-a32e373bbd87,203
d21c31e7-d5c2-4669-8f1e-a32e373bbd87,206
d21c31e7-d5c2-4669-8f1e-a32e373bbd87,213
d21c31e7-d5c2-4669-8f1e-a32e373bbd87,248
d21c31e7-d5c2-4669-8f1e-a32e373bbd87,228
d21c31e7-d5c2-4669-8f1e-a32e373bbd87,206
d21c31e7-d5c2-4669-8f1e-a32e373bbd87,248
d21c31e7-d5c2-4669-8f1e-a32e373bbd87,203
d21c31e7-d5c2-4669-8f1e-a32e373bbd87,228
d21c31e7-d5c2-4669-8f1e-a32e373bbd87,213
d21c31e7-d5c2-4669-8f1e-a32e373bbd87,203
d21c31e7-d5c2-4669-8f1e-a32e373bbd87,206
d21c31e7-d5c2-4669-8f1e-a32e373bbd87,213
d21c31e7-d5c2-4669-8f1e-a32e373bbd87,248
d21c31e7-d5c2-4669-8f1e-a32e373bbd87,228
d21c31e7-d5c2-4669-8f1e-a32e373bbd87,206
d21c31e7-d5c2-4669-8f1e-a32e373bbd87,248
d21c31e7-d5c2-4669-8f1e-a32e373bbd87,203
d21c31e7-d5c2-4669-8f1e-a32e373bbd87,228
d21c31e7-d5c2-4669-8f1e-a32e373bbd87,213
d21c31e7-d5c2-4669-8f1e-a32e373bbd87,203
d21c31e7-d5c2-4669-8f1e-a32e373bbd87,206
d21c31e7-d5c2-4669-8f1e-a32e373bbd87,213
d21c31e7-d5c2-4669-8f1e-a32e373bbd87,248
d21c31e7-d5c2-4669-8f1e-a32e373bbd87,228
d21c31e7-d5c2-4669-8f1e-a32e373bbd87,206
d21c31e7-d5c2-4669-8f1e-a32e373bbd87,248
d21c31e7-d5c2-4669-8f1e-a32e373bbd87,203
d21c31e7-d5c2-4669-8f1e-a32e373bbd87,228
eae1aa93-4de8-4c52-a900-0bc35109a8d3,246
eae1aa93-4de8-4c52-a900-0bc35109a8d3,259
eae1aa93-4de8-4c52-a900-0bc35109a8d3,288
eae1aa93-4de8-4c52-a900-0bc35109a8d3,281
eae1aa93-4de8-4c52-a900-0bc35109a8d3,252
eae1aa93-4de8-4c52-a900-0bc35109a8d3,228
eae1aa93-4de8-4c52-a900-0bc35109a8d3,248
eae1aa93-4de8-4c52-a900-0bc35109a8d3,203
eae1aa93-4de8-4c52-a900-0bc35109a8d3,228
eae1aa93-4de8-4c52-a900-0bc35109a8d3,213
eae1aa93-4de8-4c52-a900-0bc35109a8d3,203
eae1aa93-4de8-4c52-a900-0bc35109a8d3,206
eae1aa93-4de8-4c52-a900-0bc35109a8d3,177
eae1aa93-4de8-4c52-a900-0bc35109a8d3,200
eae1aa93-4de8-4c52-a900-0bc35109a8d3,213
eae1aa93-4de8-4c52-a900-0bc35109a8d3,248
eae1aa93-4de8-4c52-a900-0bc35109a8d3,228
eae1aa93-4de8-4c52-a900-0bc35109a8d3,206
eae1aa93-4de8-4c52-a900-0bc35109a8d3,248
eae1aa93-4de8-4c52-a900-0bc35109a8d3,203
eae1aa93-4de8-4c52-a900-0bc35109a8d3,228
eae1aa93-4de8-4c52-a900-0bc35109a8d3,213
eae1aa93-4de8-4c52-a900-0bc35109a8d3,203
eae1aa93-4de8-4c52-a900-0bc35109a8d3,206
eae1aa93-4de8-4c52-a900-0bc35109a8d3,213
eae1aa93-4de8-4c52-a900-0bc35109a8d3,248
eae1aa93-4de8-4c52-a900-0bc35109a8d3,228
eae1aa93-4de8-4c52-a900-0bc35109a8d3,206
eae1aa93-4de8-4c52-a900-0bc35109a8d3,248
eae1aa93-4de8-4c52-a900-0bc35109a8d3,203
eae1aa93-4de8-4c52-a900-0bc35109a8d3,228
eae1aa93-4de8-4c52-a900-0bc35109a8d3,213
eae1aa93-4de8-4c52-a900-0bc35109a8d3,203
eae1aa93-4de8-4c52-a900-0bc35109a8d3,206
eae1aa93-4de8-4c52-a900-0bc35109a8d3,213
eae1aa93-4de8-4c52-a900-0bc35109a8d3,248
eae1aa93-4de8-4c52-a900-0bc35109a8d3,228
eae1aa93-4de8-4c52-a900-0bc35109a8d3,206
eae1aa93-4de8-4c52-a900-0bc35109a8d3,248
eae1aa93-4de8-4c52-a900-0bc35109a8d3,203
eae1aa93-4de8-4c52-a900-0bc35109a8d3,228
eae1aa93-4de8-4c52-a900-0bc35109a8d3,213
eae1aa93-4de8-4c52-a900-0bc35109a8d3,203
eae1aa93-4de8-4c52-a900-0bc35109a8d3,206
eae1aa93-4de8-4c52-a900-0bc35109a8d3,213
eae1aa93-4de8-4c52-a900-0bc35109a8d3,248
eae1aa93-4de8-4c52-a900-0bc35109a8d3,228
eae1aa93-4de8-4c52-a900-0bc35109a8d3,206
eae1aa93-4de8-4c52-a900-0bc35109a8d3,248
eae1aa93-4de8-4c52-a900-0bc35109a8d3,203
eae1aa93-4de8-4c52-a900-0bc35109a8d3,228
eae1aa93-4de8-4c52-a900-0bc35109a8d3,213
eae1aa93-4de8-4c52-a900-0bc35109a8d3,203
eae1aa93-4de8-4c52-a900-0bc35109a8d3,206
eae1aa93-4de8-4c52-a900-0bc35109a8d3,213
eae1aa93-4de8-4c52-a900-0bc35109a8d3,248
eae1aa93-4de8-4c52-a900-0bc35109a8d3,228
eae1aa93-4de8-4c52-a900-0bc35109a8d3,206
eae1aa93-4de8-4c52-a900-0bc35109a8d3,248
eae1aa93-4de8-4c52-a900-0bc35109a8d3,203
eae1aa93-4de8-4c52-a900-0bc35109a8d3,228
eae1aa93-4de8-4c52-a900-0bc35109a8d3,213
eae1aa93-4de8-4c52-a900-0bc35109a8d3,203
eae1aa93-4de8-4c52-a900-0bc35109a8d3,206
eae1aa93-4de8-4c52-a900-0bc35109a8d3,213
eae1aa93-4de8-4c52-a900-0bc35109a8d3,248
eae1aa93-4de8-4c52-a900-0bc35109a8d3,228
eae1aa93-4de8-4c52-a900-0bc35109a8d3,206
eae1aa93-4de8-4c52-a900-0bc35109a8d3,248
eae1aa93-4de8-4c52-a900-0bc35109a8d3,203
eae1aa93-4de8-4c52-a900-0bc35109a8d3,228
eae1aa93-4de8-4c52-a900-0bc35109a8d3,213
eae1aa93-4de8-4c52-a900-0bc35109a8d3,203
eae1aa93-4de8-4c52-a900-0bc35109a8d3,206
eae1aa93-4de8-4c52-a900-0bc35109a8d3,213
eae1aa93-4de8-4c52-a900-0bc35109a8d3,248
eae1aa93-4de8-4c52-a900-0bc35109a8d3,228
eae1aa93-4de8-4c52-a900-0bc35109a8d3,206
eae1aa93-4de8-4c52-a900-0bc35109a8d3,248
eae1aa93-4de8-4c52-a900-0bc35109a8d3,203
eae1aa93-4de8-4c52-a900-0bc35109a8d3,228
eae1aa93-4de8-4c52-a900-0bc35109a8d3,213
eae1aa93-4de8-4c52-a900-0bc35109a8d3,203
eae1aa93-4de8-4c52-a900-0bc35109a8d3,206
eae1aa93-4de8-4c52-a900-0bc35109a8d3,213
eae1aa93-4de8-4c52-a900-0bc35109a8d3,248
eae1aa93-4de8-4c52-a900-0bc35109a8d3,228
eae1aa93-4de8-4c52-a900-0bc35109a8d3,206
eae1aa93-4de8-4c52-a900-0bc35109a8d3,248
eae1aa93-4de8-4c52-a900-0bc35109a8d3,203
eae1aa93-4de8-4c52-a900-0bc35109a8d3,228
eae1aa93-4de8-4c52-a900-0bc35109a8d3,213
eae1aa93-4de8-4c52-a900-0bc35109a8d3,203
eae1aa93-4de8-4c52-a900-0bc35109a8d3,206
eae1aa93-4de8-4c52-a900-0bc35109a8d3,213
eae1aa93-4de8-4c52-a900-0bc35109a8d3,248
eae1aa93-4de8-4c52-a900-0bc35109a8d3,228
eae1aa93-4de8-4c52-a900-0bc35109a8d3,206
eae1aa93-4de8-4c52-a900-0bc35109a8d3,248
eae1aa93-4de8-4c52-a900-0bc35109a8d3,203
eae1aa93-4de8-4c52-a900-0bc35109a8d3,228
e003f417-b691-48f6-835d-5c309d6cbdb3,246
e003f417-b691-48f6-835d-5c309d6cbdb3,259
e003f417-b691-48f6-835d-5c309d6cbdb3,288
e003f417-b691-48f6-835d-5c309d6cbdb3,281
e003f417-b691-48f6-835d-5c309d6cbdb3,252
e003f417-b691-48f6-835d-5c309d6cbdb3,228
e003f417-b691-48f6-835d-5c309d6cbdb3,248
e003f417-b691-48f6-835d-5c309d6cbdb3,203
e003f417-b691-48f6-835d-5c309d6cbdb3,228
e003f417-b691-48f6-835d-5c309d6cbdb3,213
e003f417-b691-48f6-835d-5c309d6cbdb3,203
e003f417-b691-48f6-835d-5c309d6cbdb3,206
e003f417-b691-48f6-835d-5c309d6cbdb3,177
e003f417-b691-48f6-835d-5c309d6cbdb3,200
e003f417-b691-48f6-835d-5c309d6cbdb3,213
e003f417-b691-48f6-835d-5c309d6cbdb3,248
e003f417-b691-48f6-835d-5c309d6cbdb3,228
e003f417-b691-48f6-835d-5c309d6cbdb3,206
e003f417-b691-48f6-835d-5c309d6cbdb3,248
e003f417-b691-48f6-835d-5c309d6cbdb3,203
e003f417-b691-48f6-835d-5c309d6cbdb3,228
e003f417-b691-48f6-835d-5c309d6cbdb3,213
e003f417-b691-48f6-835d-5c309d6cbdb3,203
e003f417-b691-48f6-835d-5c309d6cbdb3,206
e003f417-b691-48f6-835d-5c309d6cbdb3,213
e003f417-b691-48f6-835d-5c309d6cbdb3,248
e003f417-b691-48f6-835d-5c309d6cbdb3,228
e003f417-b691-48f6-835d-5c309d6cbdb3,206
e003f417-b691-48f6-835d-5c309d6cbdb3,248
e003f417-b691-48f6-835d-5c309d6cbdb3,203
e003f417-b691-48f6-835d-5c309d6cbdb3,228
e003f417-b691-48f6-835d-5c309d6cbdb3,213
e003f417-b691-48f6-835d-5c309d6cbdb3,203
e003f417-b691-48f6-835d-5c309d6cbdb3,206
e003f417-b691-48f6-835d-5c309d6cbdb3,213
e003f417-b691-48f6-835d-5c309d6cbdb3,248
e003f417-b691-48f6-835d-5c309d6cbdb3,228
e003f417-b691-48f6-835d-5c309d6cbdb3,206
e003f417-b691-48f6-835d-5c309d6cbdb3,248
e003f417-b691-48f6-835d-5c309d6cbdb3,203
e003f417-b691-48f6-835d-5c309d6cbdb3,228
e003f417-b691-48f6-835d-5c309d6cbdb3,213
e003f417-b691-48f6-835d-5c309d6cbdb3,203
e003f417-b691-48f6-835d-5c309d6cbdb3,206
e003f417-b691-48f6-835d-5c309d6cbdb3,213
e003f417-b691-48f6-835d-5c309d6cbdb3,248
e003f417-b691-48f6-835d-5c309d6cbdb3,228
e003f417-b691-48f6-835d-5c309d6cbdb3,206
e003f417-b691-48f6-835d-5c309d6cbdb3,248
e003f417-b691-48f6-835d-5c309d6cbdb3,203
e003f417-b691-48f6-835d-5c309d6cbdb3,228
e003f417-b691-48f6-835d-5c309d6cbdb3,213
e003f417-b691-48f6-835d-5c309d6cbdb3,203
e003f417-b691-48f6-835d-5c309d6cbdb3,206
e003f417-b691-48f6-835d-5c309d6cbdb3,213
e003f417-b691-48f6-835d-5c309d6cbdb3,248
e003f417-b691-48f6-835d-5c309d6cbdb3,228
e003f417-b691-48f6-835d-5c309d6cbdb3,206
e003f417-b691-48f6-835d-5c309d6cbdb3,248
e003f417-b691-48f6-835d-5c309d6cbdb3,203
e003f417-b691-48f6-835d-5c309d6cbdb3,228
e003f417-b691-48f6-835d-5c309d6cbdb3,213
e003f417-b691-48f6-835d-5c309d6cbdb3,203
e003f417-b691-48f6-835d-5c309d6cbdb3,206
e003f417-b691-48f6-835d-5c309d6cbdb3,213
e003f417-b691-48f6-835d-5c309d6cbdb3,248
e003f417-b691-48f6-835d-5c309d6cbdb3,228
e003f417-b691-48f6-835d-5c309d6cbdb3,206
e003f417-b691-48f6-835d-5c309d6cbdb3,248
e003f417-b691-48f6-835d-5c309d6cbdb3,203
e003f417-b691-48f6-835d-5c309d6cbdb3,228
e003f417-b691-48f6-835d-5c309d6cbdb3,213
e003f417-b691-48f6-835d-5c309d6cbdb3,203
e003f417-b691-48f6-835d-5c309d6cbdb3,206
e003f417-b691-48f6-835d-5c309d6cbdb3,213
e003f417-b691-48f6-835d-5c309d6cbdb3,248
e003f417-b691-48f6-835d-5c309d6cbdb3,228
e003f417-b691-48f6-835d-5c309d6cbdb3,206
e003f417-b691-48f6-835d-5c309d6cbdb3,248
e003f417-b691-48f6-835d-5c309d6cbdb3,203
e003f417-b691-48f6-835d-5c309d6cbdb3,228
e003f417-b691-48f6-835d-5c309d6cbdb3,213
e003f417-b691-48f6-835d-5c309d6cbdb3,203
e003f417-b691-48f6-835d-5c309d6cbdb3,206
e003f417-b691-48f6-835d-5c309d6cbdb3,213
e003f417-b691-48f6-835d-5c309d6cbdb3,248
e003f417-b691-48f6-835d-5c309d6cbdb3,228
e003f417-b691-48f6-835d-5c309d6cbdb3,206
e003f417-b691-48f6-835d-5c309d6cbdb3,248
e003f417-b691-48f6-835d-5c309d6cbdb3,203
e003f417-b691-48f6-835d-5c309d6cbdb3,228
e003f417-b691-48f6-835d-5c309d6cbdb3,213
e003f417-b691-48f6-835d-5c309d6cbdb3,203
e003f417-b691-48f6-835d-5c309d6cbdb3,206
e003f417-b691-48f6-835d-5c309d6cbdb3,213
e003f417-b691-48f6-835d-5c309d6cbdb3,248
e003f417-b691-48f6-835d-5c309d6cbdb3,228
e003f417-b691-48f6-835d-5c309d6cbdb3,206
e003f417-b691-48f6-835d-5c309d6cbdb3,248
e003f417-b691-48f6-835d-5c309d6cbdb3,203
e003f417-b691-48f6-835d-5c309d6cbdb3,228
08a89cf4-e30e-4a40-8cce-9a41aee017f5,246
08a89cf4-e30e-4a40-8cce-9a41aee017f5,259
08a89cf4-e30e-4a40-8cce-9a41aee017f5,288
08a89cf4-e30e-4a40-8cce-9a41aee017f5,281
08a89cf4-e30e-4a40-8cce-9a41aee017f5,252
08a89cf4-e30e-4a40-8cce-9a41aee017f5,228
08a89cf4-e30e-4a40-8cce-9a41aee017f5,248
08a89cf4-e30e-4a40-8cce-9a41aee017f5,203
08a89cf4-e30e-4a40-8cce-9a41aee017f5,228
08a89cf4-e30e-4a40-8cce-9a41aee017f5,213
08a89cf4-e30e-4a40-8cce-9a41aee017f5,203
08a89cf4-e30e-4a40-8cce-9a41aee017f5,206
08a89cf4-e30e-4a40-8cce-9a41aee017f5,177
08a89cf4-e30e-4a40-8cce-9a41aee017f5,200
08a89cf4-e30e-4a40-8cce-9a41aee017f5,213
08a89cf4-e30e-4a40-8cce-9a41aee017f5,248
08a89cf4-e30e-4a40-8cce-9a41aee017f5,228
08a89cf4-e30e-4a40-8cce-9a41aee017f5,206
08a89cf4-e30e-4a40-8cce-9a41aee017f5,248
08a89cf4-e30e-4a40-8cce-9a41aee017f5,203
08a89cf4-e30e-4a40-8cce-9a41aee017f5,228
08a89cf4-e30e-4a40-8cce-9a41aee017f5,213
08a89cf4-e30e-4a40-8cce-9a41aee017f5,203
08a89cf4-e30e-4a40-8cce-9a41aee017f5,206
08a89cf4-e30e-4a40-8cce-9a41aee017f5,213
08a89cf4-e30e-4a40-8cce-9a41aee017f5,248
08a89cf4-e30e-4a40-8cce-9a41aee017f5,228
08a89cf4-e30e-4a40-8cce-9a41aee017f5,206
08a89cf4-e30e-4a40-8cce-9a41aee017f5,248
08a89cf4-e30e-4a40-8cce-9a41aee017f5,203
08a89cf4-e30e-4a40-8cce-9a41aee017f5,228
08a89cf4-e30e-4a40-8cce-9a41aee017f5,213
08a89cf4-e30e-4a40-8cce-9a41aee017f5,203
08a89cf4-e30e-4a40-8cce-9a41aee017f5,206
08a89cf4-e30e-4a40-8cce-9a41aee017f5,213
08a89cf4-e30e-4a40-8cce-9a41aee017f5,248
08a89cf4-e30e-4a40-8cce-9a41aee017f5,228
08a89cf4-e30e-4a40-8cce-9a41aee017f5,206
08a89cf4-e30e-4a40-8cce-9a41aee017f5,248
08a89cf4-e30e-4a40-8cce-9a41aee017f5,203
08a89cf4-e30e-4a40-8cce-9a41aee017f5,228
08a89cf4-e30e-4a40-8cce-9a41aee017f5,213
08a89cf4-e30e-4a40-8cce-9a41aee017f5,203
08a89cf4-e30e-4a40-8cce-9a41aee017f5,206
08a89cf4-e30e-4a40-8cce-9a41aee017f5,213
08a89cf4-e30e-4a40-8cce-9a41aee017f5,248
08a89cf4-e30e-4a40-8cce-9a41aee017f5,228
08a89cf4-e30e-4a40-8cce-9a41aee017f5,206
08a89cf4-e30e-4a40-8cce-9a41aee017f5,248
08a89cf4-e30e-4a40-8cce-9a41aee017f5,203
08a89cf4-e30e-4a40-8cce-9a41aee017f5,228
08a89cf4-e30e-4a40-8cce-9a41aee017f5,213
08a89cf4-e30e-4a40-8cce-9a41aee017f5,203
08a89cf4-e30e-4a40-8cce-9a41aee017f5,206
08a89cf4-e30e-4a40-8cce-9a41aee017f5,213
08a89cf4-e30e-4a40-8cce-9a41aee017f5,248
08a89cf4-e30e-4a40-8cce-9a41aee017f5,228
08a89cf4-e30e-4a40-8cce-9a41aee017f5,206
08a89cf4-e30e-4a40-8cce-9a41aee017f5,248
08a89cf4-e30e-4a40-8cce-9a41aee017f5,203
08a89cf4-e30e-4a40-8cce-9a41aee017f5,228
08a89cf4-e30e-4a40-8cce-9a41aee017f5,213
08a89cf4-e30e-4a40-8cce-9a41aee017f5,203
08a89cf4-e30e-4a40-8cce-9a41aee017f5,206
08a89cf4-e30e-4a40-8cce-9a41aee017f5,213
08a89cf4-e30e-4a40-8cce-9a41aee017f5,248
08a89cf4-e30e-4a40-8cce-9a41aee017f5,228
08a89cf4-e30e-4a40-8cce-9a41aee017f5,206
08a89cf4-e30e-4a40-8cce-9a41aee017f5,248
08a89cf4-e30e-4a40-8cce-9a41aee017f5,203
08a89cf4-e30e-4a40-8cce-9a41aee017f5,228
08a89cf4-e30e-4a40-8cce-9a41aee017f5,213
08a89cf4-e30e-4a40-8cce-9a41aee017f5,203
08a89cf4-e30e-4a40-8cce-9a41aee017f5,206
08a89cf4-e30e-4a40-8cce-9a41aee017f5,213
08a89cf4-e30e-4a40-8cce-9a41aee017f5,248
08a89cf4-e30e-4a40-8cce-9a41aee017f5,228
08a89cf4-e30e-4a40-8cce-9a41aee017f5,206
08a89cf4-e30e-4a40-8cce-9a41aee017f5,248
08a89cf4-e30e-4a40-8cce-9a41aee017f5,203
08a89cf4-e30e-4a40-8cce-9a41aee017f5,228
08a89cf4-e30e-4a40-8cce-9a41aee017f5,213
08a89cf4-e30e-4a40-8cce-9a41aee017f5,203
08a89cf4-e30e-4a40-8cce-9a41aee017f5,206
08a89cf4-e30e-4a40-8cce-9a41aee017f5,213
08a89cf4-e30e-4a40-8cce-9a41aee017f5,248
08a89cf4-e30e-4a40-8cce-9a41aee017f5,228
08a89cf4-e30e-4a40-8cce-9a41aee017f5,206
08a89cf4-e30e-4a40-8cce-9a41aee017f5,248
08a89cf4-e30e-4a40-8cce-9a41aee017f5,203
08a89cf4-e30e-4a40-8cce-9a41aee017f5,228
08a89cf4-e30e-4a40-8cce-9a41aee017f5,213
08a89cf4-e30e-4a40-8cce-9a41aee017f5,203
08a89cf4-e30e-4a40-8cce-9a41aee017f5,206
08a89cf4-e30e-4a40-8cce-9a41aee017f5,213
08a89cf4-e30e-4a40-8cce-9a41aee017f5,248
08a89cf4-e30e-4a40-8cce-9a41aee017f5,228
08a89cf4-e30e-4a40-8cce-9a41aee017f5,206
08a89cf4-e30e-4a40-8cce-9a41aee017f5,248
08a89cf4-e30e-4a40-8cce-9a41aee017f5,203
08a89cf4-e30e-4a40-8cce-9a41aee017f5,228
1ffad319-ae59-48e1-8ee0-8d316b13e0e8,246
1ffad319-ae59-48e1-8ee0-8d316b13e0e8,259
1ffad319-ae59-48e1-8ee0-8d316b13e0e8,288
1ffad319-ae59-48e1-8ee0-8d316b13e0e8,281
1ffad319-ae59-48e1-8ee0-8d316b13e0e8,252
1ffad319-ae59-48e1-8ee0-8d316b13e0e8,228
1ffad319-ae59-48e1-8ee0-8d316b13e0e8,248
1ffad319-ae59-48e1-8ee0-8d316b13e0e8,203
1ffad319-ae59-48e1-8ee0-8d316b13e0e8,228
1ffad319-ae59-48e1-8ee0-8d316b13e0e8,213
1ffad319-ae59-48e1-8ee0-8d316b13e0e8,203
1ffad319-ae59-48e1-8ee0-8d316b13e0e8,206
1ffad319-ae59-48e1-8ee0-8d316b13e0e8,177
1ffad319-ae59-48e1-8ee0-8d316b13e0e8,200
1ffad319-ae59-48e1-8ee0-8d316b13e0e8,213
1ffad319-ae59-48e1-8ee0-8d316b13e0e8,248
1ffad319-ae59-48e1-8ee0-8d316b13e0e8,228
1ffad319-ae59-48e1-8ee0-8d316b13e0e8,206
1ffad319-ae59-48e1-8ee0-8d316b13e0e8,248
1ffad319-ae59-48e1-8ee0-8d316b13e0e8,203
1ffad319-ae59-48e1-8ee0-8d316b13e0e8,228
1ffad319-ae59-48e1-8ee0-8d316b13e0e8,213
1ffad319-ae59-48e1-8ee0-8d316b13e0e8,203
1ffad319-ae59-48e1-8ee0-8d316b13e0e8,206
1ffad319-ae59-48e1-8ee0-8d316b13e0e8,213
1ffad319-ae59-48e1-8ee0-8d316b13e0e8,248
1ffad319-ae59-48e1-8ee0-8d316b13e0e8,228
1ffad319-ae59-48e1-8ee0-8d316b13e0e8,206
1ffad319-ae59-48e1-8ee0-8d316b13e0e8,248
1ffad319-ae59-48e1-8ee0-8d316b13e0e8,203
1ffad319-ae59-48e1-8ee0-8d316b13e0e8,228
1ffad319-ae59-48e1-8ee0-8d316b13e0e8,213
1ffad319-ae59-48e1-8ee0-8d316b13e0e8,203
1ffad319-ae59-48e1-8ee0-8d316b13e0e8,206
1ffad319-ae59-48e1-8ee0-8d316b13e0e8,213
1ffad319-ae59-48e1-8ee0-8d316b13e0e8,248
1ffad319-ae59-48e1-8ee0-8d316b13e0e8,228
1ffad319-ae59-48e1-8ee0-8d316b13e0e8,206
1ffad319-ae59-48e1-8ee0-8d316b13e0e8,248
1ffad319-ae59-48e1-8ee0-8d316b13e0e8,203
1ffad319-ae59-48e1-8ee0-8d316b13e0e8,228
1ffad319-ae59-48e1-8ee0-8d316b13e0e8,213
1ffad319-ae59-48e1-8ee0-8d316b13e0e8,203
1ffad319-ae59-48e1-8ee0-8d316b13e0e8,206
1ffad319-ae59-48e1-8ee0-8d316b13e0e8,213
1ffad319-ae59-48e1-8ee0-8d316b13e0e8,248
1ffad319-ae59-48e1-8ee0-8d316b13e0e8,228
1ffad319-ae59-48e1-8ee0-8d316b13e0e8,206
1ffad319-ae59-48e1-8ee0-8d316b13e0e8,248
1ffad319-ae59-48e1-8ee0-8d316b13e0e8,203
1ffad319-ae59-48e1-8ee0-8d316b13e0e8,228
1ffad319-ae59-48e1-8ee0-8d316b13e0e8,213
1ffad319-ae59-48e1-8ee0-8d316b13e0e8,203
1ffad319-ae59-48e1-8ee0-8d316b13e0e8,206
1ffad319-ae59-48e1-8ee0-8d316b13e0e8,213
1ffad319-ae59-48e1-8ee0-8d316b13e0e8,248
1ffad319-ae59-48e1-8ee0-8d316b13e0e8,228
1ffad319-ae59-48e1-8ee0-8d316b13e0e8,206
1ffad319-ae59-48e1-8ee0-8d316b13e0e8,248
1ffad319-ae59-48e1-8ee0-8d316b13e0e8,203
1ffad319-ae59-48e1-8ee0-8d316b13e0e8,228
1ffad319-ae59-48e1-8ee0-8d316b13e0e8,213
1ffad319-ae59-48e1-8ee0-8d316b13e0e8,203
1ffad319-ae59-48e1-8ee0-8d316b13e0e8,206
1ffad319-ae59-48e1-8ee0-8d316b13e0e8,213
1ffad319-ae59-48e1-8ee0-8d316b13e0e8,248
1ffad319-ae59-48e1-8ee0-8d316b13e0e8,228
1ffad319-ae59-48e1-8ee0-8d316b13e0e8,206
1ffad319-ae59-48e1-8ee0-8d316b13e0e8,248
1ffad319-ae59-48e1-8ee0-8d316b13e0e8,203
1ffad319-ae59-48e1-8ee0-8d316b13e0e8,228
1ffad319-ae59-48e1-8ee0-8d316b13e0e8,213
1ffad319-ae59-48e1-8ee0-8d316b13e0e8,203
1ffad319-ae59-48e1-8ee0-8d316b13e0e8,206
1ffad319-ae59-48e1-8ee0-8d316b13e0e8,213
1ffad319-ae59-48e1-8ee0-8d316b13e0e8,248
1ffad319-ae59-48e1-8ee0-8d316b13e0e8,228
1ffad319-ae59-48e1-8ee0-8d316b13e0e8,206
1ffad319-ae59-48e1-8ee0-8d316b13e0e8,248
1ffad319-ae59-48e1-8ee0-8d316b13e0e8,203
1ffad319-ae59-48e1-8ee0-8d316b13e0e8,228
1ffad319-ae59-48e1-8ee0-8d316b13e0e8,213
1ffad319-ae59-48e1-8ee0-8d316b13e0e8,203
1ffad319-ae59-48e1-8ee0-8d316b13e0e8,206
1ffad319-ae59-48e1-8ee0-8d316b13e0e8,213
1ffad319-ae59-48e1-8ee0-8d316b13e0e8,248
1ffad319-ae59-48e1-8ee0-8d316b13e0e8,228
1ffad319-ae59-48e1-8ee0-8d316b13e0e8,206
1ffad319-ae59-48e1-8ee0-8d316b13e0e8,248
1ffad319-ae59-48e1-8ee0-8d316b13e0e8,203
1ffad319-ae59-48e1-8ee0-8d316b13e0e8,228
1ffad319-ae59-48e1-8ee0-8d316b13e0e8,213
1ffad319-ae59-48e1-8ee0-8d316b13e0e8,203
1ffad319-ae59-48e1-8ee0-8d316b13e0e8,206
1ffad319-ae59-48e1-8ee0-8d316b13e0e8,213
1ffad319-ae59-48e1-8ee0-8d316b13e0e8,248
1ffad319-ae59-48e1-8ee0-8d316b13e0e8,228
1ffad319-ae59-48e1-8ee0-8d316b13e0e8,206
1ffad319-ae59-48e1-8ee0-8d316b13e0e8,248
1ffad319-ae59-48e1-8ee0-8d316b13e0e8,203
1ffad319-ae59-48e1-8ee0-8d316b13e0e8,228
e1eff6d1-23c5-47ff-b36f-917126f66ac9,246
e1eff6d1-23c5-47ff-b36f-917126f66ac9,259
e1eff6d1-23c5-47ff-b36f-917126f66ac9,288
e1eff6d1-23c5-47ff-b36f-917126f66ac9,281
e1eff6d1-23c5-47ff-b36f-917126f66ac9,252
e1eff6d1-23c5-47ff-b36f-917126f66ac9,228
e1eff6d1-23c5-47ff-b36f-917126f66ac9,248
e1eff6d1-23c5-47ff-b36f-917126f66ac9,203
e1eff6d1-23c5-47ff-b36f-917126f66ac9,228
e1eff6d1-23c5-47ff-b36f-917126f66ac9,213
e1eff6d1-23c5-47ff-b36f-917126f66ac9,203
e1eff6d1-23c5-47ff-b36f-917126f66ac9,206
e1eff6d1-23c5-47ff-b36f-917126f66ac9,177
e1eff6d1-23c5-47ff-b36f-917126f66ac9,200
e1eff6d1-23c5-47ff-b36f-917126f66ac9,213
e1eff6d1-23c5-47ff-b36f-917126f66ac9,248
e1eff6d1-23c5-47ff-b36f-917126f66ac9,228
e1eff6d1-23c5-47ff-b36f-917126f66ac9,206
e1eff6d1-23c5-47ff-b36f-917126f66ac9,248
e1eff6d1-23c5-47ff-b36f-917126f66ac9,203
e1eff6d1-23c5-47ff-b36f-917126f66ac9,228
e1eff6d1-23c5-47ff-b36f-917126f66ac9,213
e1eff6d1-23c5-47ff-b36f-917126f66ac9,203
e1eff6d1-23c5-47ff-b36f-917126f66ac9,206
e1eff6d1-23c5-47ff-b36f-917126f66ac9,213
e1eff6d1-23c5-47ff-b36f-917126f66ac9,248
e1eff6d1-23c5-47ff-b36f-917126f66ac9,228
e1eff6d1-23c5-47ff-b36f-917126f66ac9,206
e1eff6d1-23c5-47ff-b36f-917126f66ac9,248
e1eff6d1-23c5-47ff-b36f-917126f66ac9,203
e1eff6d1-23c5-47ff-b36f-917126f66ac9,228
e1eff6d1-23c5-47ff-b36f-917126f66ac9,213
e1eff6d1-23c5-47ff-b36f-917126f66ac9,203
e1eff6d1-23c5-47ff-b36f-917126f66ac9,206
e1eff6d1-23c5-47ff-b36f-917126f66ac9,213
e1eff6d1-23c5-47ff-b36f-917126f66ac9,248
e1eff6d1-23c5-47ff-b36f-917126f66ac9,228
e1eff6d1-23c5-47ff-b36f-917126f66ac9,206
e1eff6d1-23c5-47ff-b36f-917126f66ac9,248
e1eff6d1-23c5-47ff-b36f-917126f66ac9,203
e1eff6d1-23c5-47ff-b36f-917126f66ac9,228
e1eff6d1-23c5-47ff-b36f-917126f66ac9,213
e1eff6d1-23c5-47ff-b36f-917126f66ac9,203
e1eff6d1-23c5-47ff-b36f-917126f66ac9,206
e1eff6d1-23c5-47ff-b36f-917126f66ac9,213
e1eff6d1-23c5-47ff-b36f-917126f66ac9,248
e1eff6d1-23c5-47ff-b36f-917126f66ac9,228
e1eff6d1-23c5-47ff-b36f-917126f66ac9,206
e1eff6d1-23c5-47ff-b36f-917126f66ac9,248
e1eff6d1-23c5-47ff-b36f-917126f66ac9,203
e1eff6d1-23c5-47ff-b36f-917126f66ac9,228
e1eff6d1-23c5-47ff-b36f-917126f66ac9,213
e1eff6d1-23c5-47ff-b36f-917126f66ac9,203
e1eff6d1-23c5-47ff-b36f-917126f66ac9,206
e1eff6d1-23c5-47ff-b36f-917126f66ac9,213
e1eff6d1-23c5-47ff-b36f-917126f66ac9,248
e1eff6d1-23c5-47ff-b36f-917126f66ac9,228
e1eff6d1-23c5-47ff-b36f-917126f66ac9,206
e1eff6d1-23c5-47ff-b36f-917126f66ac9,248
e1eff6d1-23c5-47ff-b36f-917126f66ac9,203
e1eff6d1-23c5-47ff-b36f-917126f66ac9,228
e1eff6d1-23c5-47ff-b36f-917126f66ac9,213
e1eff6d1-23c5-47ff-b36f-917126f66ac9,203
e1eff6d1-23c5-47ff-b36f-917126f66ac9,206
e1eff6d1-23c5-47ff-b36f-917126f66ac9,213
e1eff6d1-23c5-47ff-b36f-917126f66ac9,248
e1eff6d1-23c5-47ff-b36f-917126f66ac9,228
e1eff6d1-23c5-47ff-b36f-917126f66ac9,206
e1eff6d1-23c5-47ff-b36f-917126f66ac9,248
e1eff6d1-23c5-47ff-b36f-917126f66ac9,203
e1eff6d1-23c5-47ff-b36f-917126f66ac9,228
e1eff6d1-23c5-47ff-b36f-917126f66ac9,213
e1eff6d1-23c5-47ff-b36f-917126f66ac9,203
e1eff6d1-23c5-47ff-b36f-917126f66ac9,206
e1eff6d1-23c5-47ff-b36f-917126f66ac9,213
e1eff6d1-23c5-47ff-b36f-917126f66ac9,248
e1eff6d1-23c5-47ff-b36f-917126f66ac9,228
e1eff6d1-23c5-47ff-b36f-917126f66ac9,206
e1eff6d1-23c5-47ff-b36f-917126f66ac9,248
e1eff6d1-23c5-47ff-b36f-917126f66ac9,203
e1eff6d1-23c5-47ff-b36f-917126f66ac9,228
e1eff6d1-23c5-47ff-b36f-917126f66ac9,213
e1eff6d1-23c5-47ff-b36f-917126f66ac9,203
e1eff6d1-23c5-47ff-b36f-917126f66ac9,206
e1eff6d1-23c5-47ff-b36f-917126f66ac9,213
e1eff6d1-23c5-47ff-b36f-917126f66ac9,248
e1eff6d1-23c5-47ff-b36f-917126f66ac9,228
e1eff6d1-23c5-47ff-b36f-917126f66ac9,206
e1eff6d1-23c5-47ff-b36f-917126f66ac9,248
e1eff6d1-23c5-47ff-b36f-917126f66ac9,203
e1eff6d1-23c5-47ff-b36f-917126f66ac9,228
e1eff6d1-23c5-47ff-b36f-917126f66ac9,213
e1eff6d1-23c5-47ff-b36f-917126f66ac9,203
e1eff6d1-23c5-47ff-b36f-917126f66ac9,206
e1eff6d1-23c5-47ff-b36f-917126f66ac9,213
e1eff6d1-23c5-47ff-b36f-917126f66ac9,248
e1eff6d1-23c5-47ff-b36f-917126f66ac9,228
e1eff6d1-23c5-47ff-b36f-917126f66ac9,206
e1eff6d1-23c5-47ff-b36f-917126f66ac9,248
e1eff6d1-23c5-47ff-b36f-917126f66ac9,203
e1eff6d1-23c5-47ff-b36f-917126f66ac9,228
9ff23ac4-2feb-43ee-95b6-8923cdc81682,246
9ff23ac4-2feb-43ee-95b6-8923cdc81682,259
9ff23ac4-2feb-43ee-95b6-8923cdc81682,288
9ff23ac4-2feb-43ee-95b6-8923cdc81682,281
9ff23ac4-2feb-43ee-95b6-8923cdc81682,252
9ff23ac4-2feb-43ee-95b6-8923cdc81682,228
9ff23ac4-2feb-43ee-95b6-8923cdc81682,248
9ff23ac4-2feb-43ee-95b6-8923cdc81682,203
9ff23ac4-2feb-43ee-95b6-8923cdc81682,228
9ff23ac4-2feb-43ee-95b6-8923cdc81682,213
9ff23ac4-2feb-43ee-95b6-8923cdc81682,203
9ff23ac4-2feb-43ee-95b6-8923cdc81682,206
9ff23ac4-2feb-43ee-95b6-8923cdc81682,177
9ff23ac4-2feb-43ee-95b6-8923cdc81682,200
9ff23ac4-2feb-43ee-95b6-8923cdc81682,213
9ff23ac4-2feb-43ee-95b6-8923cdc81682,248
9ff23ac4-2feb-43ee-95b6-8923cdc81682,228
9ff23ac4-2feb-43ee-95b6-8923cdc81682,206
9ff23ac4-2feb-43ee-95b6-8923cdc81682,248
9ff23ac4-2feb-43ee-95b6-8923cdc81682,203
9ff23ac4-2feb-43ee-95b6-8923cdc81682,228
9ff23ac4-2feb-43ee-95b6-8923cdc81682,213
9ff23ac4-2feb-43ee-95b6-8923cdc81682,203
9ff23ac4-2feb-43ee-95b6-8923cdc81682,206
9ff23ac4-2feb-43ee-95b6-8923cdc81682,213
9ff23ac4-2feb-43ee-95b6-8923cdc81682,248
9ff23ac4-2feb-43ee-95b6-8923cdc81682,228
9ff23ac4-2feb-43ee-95b6-8923cdc81682,206
9ff23ac4-2feb-43ee-95b6-8923cdc81682,248
9ff23ac4-2feb-43ee-95b6-8923cdc81682,203
9ff23ac4-2feb-43ee-95b6-8923cdc81682,228
9ff23ac4-2feb-43ee-95b6-8923cdc81682,213
9ff23ac4-2feb-43ee-95b6-8923cdc81682,203
9ff23ac4-2feb-43ee-95b6-8923cdc81682,206
9ff23ac4-2feb-43ee-95b6-8923cdc81682,213
9ff23ac4-2feb-43ee-95b6-8923cdc81682,248
9ff23ac4-2feb-43ee-95b6-8923cdc81682,228
9ff23ac4-2feb-43ee-95b6-8923cdc81682,206
9ff23ac4-2feb-43ee-95b6-8923cdc81682,248
9ff23ac4-2feb-43ee-95b6-8923cdc81682,203
9ff23ac4-2feb-43ee-95b6-8923cdc81682,228
9ff23ac4-2feb-43ee-95b6-8923cdc81682,213
9ff23ac4-2feb-43ee-95b6-8923cdc81682,203
9ff23ac4-2feb-43ee-95b6-8923cdc81682,206
9ff23ac4-2feb-43ee-95b6-8923cdc81682,213
9ff23ac4-2feb-43ee-95b6-8923cdc81682,248
9ff23ac4-2feb-43ee-95b6-8923cdc81682,228
9ff23ac4-2feb-43ee-95b6-8923cdc81682,206
9ff23ac4-2feb-43ee-95b6-8923cdc81682,248
9ff23ac4-2feb-43ee-95b6-8923cdc81682,203
9ff23ac4-2feb-43ee-95b6-8923cdc81682,228
9ff23ac4-2feb-43ee-95b6-8923cdc81682,213
9ff23ac4-2feb-43ee-95b6-8923cdc81682,203
9ff23ac4-2feb-43ee-95b6-8923cdc81682,206
9ff23ac4-2feb-43ee-95b6-8923cdc81682,213
9ff23ac4-2feb-43ee-95b6-8923cdc81682,248
9ff23ac4-2feb-43ee-95b6-8923cdc81682,228
9ff23ac4-2feb-43ee-95b6-8923cdc81682,206
9ff23ac4-2feb-43ee-95b6-8923cdc81682,248
9ff23ac4-2feb-43ee-95b6-8923cdc81682,203
9ff23ac4-2feb-43ee-95b6-8923cdc81682,228
9ff23ac4-2feb-43ee-95b6-8923cdc81682,213
9ff23ac4-2feb-43ee-95b6-8923cdc81682,203
9ff23ac4-2feb-43ee-95b6-8923cdc81682,206
9ff23ac4-2feb-43ee-95b6-8923cdc81682,213
9ff23ac4-2feb-43ee-95b6-8923cdc81682,248
9ff23ac4-2feb-43ee-95b6-8923cdc81682,228
9ff23ac4-2feb-43ee-95b6-8923cdc81682,206
9ff23ac4-2feb-43ee-95b6-8923cdc81682,248
9ff23ac4-2feb-43ee-95b6-8923cdc81682,203
9ff23ac4-2feb-43ee-95b6-8923cdc81682,228
9ff23ac4-2feb-43ee-95b6-8923cdc81682,213
9ff23ac4-2feb-43ee-95b6-8923cdc81682,203
9ff23ac4-2feb-43ee-95b6-8923cdc81682,206
9ff23ac4-2feb-43ee-95b6-8923cdc81682,213
9ff23ac4-2feb-43ee-95b6-8923cdc81682,248
9ff23ac4-2feb-43ee-95b6-8923cdc81682,228
9ff23ac4-2feb-43ee-95b6-8923cdc81682,206
9ff23ac4-2feb-43ee-95b6-8923cdc81682,248
9ff23ac4-2feb-43ee-95b6-8923cdc81682,203
9ff23ac4-2feb-43ee-95b6-8923cdc81682,228
9ff23ac4-2feb-43ee-95b6-8923cdc81682,213
9ff23ac4-2feb-43ee-95b6-8923cdc81682,203
9ff23ac4-2feb-43ee-95b6-8923cdc81682,206
9ff23ac4-2feb-43ee-95b6-8923cdc81682,213
9ff23ac4-2feb-43ee-95b6-8923cdc81682,248
9ff23ac4-2feb-43ee-95b6-8923cdc81682,228
9ff23ac4-2feb-43ee-95b6-8923cdc81682,206
9ff23ac4-2feb-43ee-95b6-8923cdc81682,248
9ff23ac4-2feb-43ee-95b6-8923cdc81682,203
9ff23ac4-2feb-43ee-95b6-8923cdc81682,228
9ff23ac4-2feb-43ee-95b6-8923cdc81682,213
9ff23ac4-2feb-43ee-95b6-8923cdc81682,203
9ff23ac4-2feb-43ee-95b6-8923cdc81682,206
9ff23ac4-2feb-43ee-95b6-8923cdc81682,213
9ff23ac4-2feb-43ee-95b6-8923cdc81682,248
9ff23ac4-2feb-43ee-95b6-8923cdc81682,228
9ff23ac4-2feb-43ee-95b6-8923cdc81682,206
9ff23ac4-2feb-43ee-95b6-8923cdc81682,248
9ff23ac4-2feb-43ee-95b6-8923cdc81682,203
9ff23ac4-2feb-43ee-95b6-8923cdc81682,228
874cd921-2235-446c-88f4-9360f26b50d8,246
874cd921-2235-446c-88f4-9360f26b50d8,259
874cd921-2235-446c-88f4-9360f26b50d8,288
874cd921-2235-446c-88f4-9360f26b50d8,281
874cd921-2235-446c-88f4-9360f26b50d8,252
874cd921-2235-446c-88f4-9360f26b50d8,228
874cd921-2235-446c-88f4-9360f26b50d8,248
874cd921-2235-446c-88f4-9360f26b50d8,203
874cd921-2235-446c-88f4-9360f26b50d8,228
874cd921-2235-446c-88f4-9360f26b50d8,213
874cd921-2235-446c-88f4-9360f26b50d8,203
874cd921-2235-446c-88f4-9360f26b50d8,206
874cd921-2235-446c-88f4-9360f26b50d8,177
874cd921-2235-446c-88f4-9360f26b50d8,200
874cd921-2235-446c-88f4-9360f26b50d8,213
874cd921-2235-446c-88f4-9360f26b50d8,248
874cd921-2235-446c-88f4-9360f26b50d8,228
874cd921-2235-446c-88f4-9360f26b50d8,206
874cd921-2235-446c-88f4-9360f26b50d8,248
874cd921-2235-446c-88f4-9360f26b50d8,203
874cd921-2235-446c-88f4-9360f26b50d8,228
874cd921-2235-446c-88f4-9360f26b50d8,213
874cd921-2235-446c-88f4-9360f26b50d8,203
874cd921-2235-446c-88f4-9360f26b50d8,206
874cd921-2235-446c-88f4-9360f26b50d8,213
874cd921-2235-446c-88f4-9360f26b50d8,248
874cd921-2235-446c-88f4-9360f26b50d8,228
874cd921-2235-446c-88f4-9360f26b50d8,206
874cd921-2235-446c-88f4-9360f26b50d8,248
874cd921-2235-446c-88f4-9360f26b50d8,203
874cd921-2235-446c-88f4-9360f26b50d8,228
874cd921-2235-446c-88f4-9360f26b50d8,213
874cd921-2235-446c-88f4-9360f26b50d8,203
874cd921-2235-446c-88f4-9360f26b50d8,206
874cd921-2235-446c-88f4-9360f26b50d8,213
874cd921-2235-446c-88f4-9360f26b50d8,248
874cd921-2235-446c-88f4-9360f26b50d8,228
874cd921-2235-446c-88f4-9360f26b50d8,206
874cd921-2235-446c-88f4-9360f26b50d8,248
874cd921-2235-446c-88f4-9360f26b50d8,203
874cd921-2235-446c-88f4-9360f26b50d8,228
874cd921-2235-446c-88f4-9360f26b50d8,213
874cd921-2235-446c-88f4-9360f26b50d8,203
874cd921-2235-446c-88f4-9360f26b50d8,206
874cd921-2235-446c-88f4-9360f26b50d8,213
874cd921-2235-446c-88f4-9360f26b50d8,248
874cd921-2235-446c-88f4-9360f26b50d8,228
874cd921-2235-446c-88f4-9360f26b50d8,206
874cd921-2235-446c-88f4-9360f26b50d8,248
874cd921-2235-446c-88f4-9360f26b50d8,203
874cd921-2235-446c-88f4-9360f26b50d8,228
874cd921-2235-446c-88f4-9360f26b50d8,213
874cd921-2235-446c-88f4-9360f26b50d8,203
874cd921-2235-446c-88f4-9360f26b50d8,206
874cd921-2235-446c-88f4-9360f26b50d8,213
874cd921-2235-446c-88f4-9360f26b50d8,248
874cd921-2235-446c-88f4-9360f26b50d8,228
874cd921-2235-446c-88f4-9360f26b50d8,206
874cd921-2235-446c-88f4-9360f26b50d8,248
874cd921-2235-446c-88f4-9360f26b50d8,203
874cd921-2235-446c-88f4-9360f26b50d8,228
874cd921-2235-446c-88f4-9360f26b50d8,213
874cd921-2235-446c-88f4-9360f26b50d8,203
874cd921-2235-446c-88f4-9360f26b50d8,206
874cd921-2235-446c-88f4-9360f26b50d8,213
874cd921-2235-446c-88f4-9360f26b50d8,248
874cd921-2235-446c-88f4-9360f26b50d8,228
874cd921-2235-446c-88f4-9360f26b50d8,206
874cd921-2235-446c-88f4-9360f26b50d8,248
874cd921-2235-446c-88f4-9360f26b50d8,203
874cd921-2235-446c-88f4-9360f26b50d8,228
874cd921-2235-446c-88f4-9360f26b50d8,213
874cd921-2235-446c-88f4-9360f26b50d8,203
874cd921-2235-446c-88f4-9360f26b50d8,206
874cd921-2235-446c-88f4-9360f26b50d8,213
874cd921-2235-446c-88f4-9360f26b50d8,248
874cd921-2235-446c-88f4-9360f26b50d8,228
874cd921-2235-446c-88f4-9360f26b50d8,206
874cd921-2235-446c-88f4-9360f26b50d8,248
874cd921-2235-446c-88f4-9360f26b50d8,203
874cd921-2235-446c-88f4-9360f26b50d8,228
874cd921-2235-446c-88f4-9360f26b50d8,213
874cd921-2235-446c-88f4-9360f26b50d8,203
874cd921-2235-446c-88f4-9360f26b50d8,206
874cd921-2235-446c-88f4-9360f26b50d8,213
874cd921-2235-446c-88f4-9360f26b50d8,248
874cd921-2235-446c-88f4-9360f26b50d8,228
874cd921-2235-446c-88f4-9360f26b50d8,206
874cd921-2235-446c-88f4-9360f26b50d8,248
874cd921-2235-446c-88f4-9360f26b50d8,203
874cd921-2235-446c-88f4-9360f26b50d8,228
874cd921-2235-446c-88f4-9360f26b50d8,213
874cd921-2235-446c-88f4-9360f26b50d8,203
874cd921-2235-446c-88f4-9360f26b50d8,206
874cd921-2235-446c-88f4-9360f26b50d8,213
874cd921-2235-446c-88f4-9360f26b50d8,248
874cd921-2235-446c-88f4-9360f26b50d8,228
874cd921-2235-446c-88f4-9360f26b50d8,206
874cd921-2235-446c-88f4-9360f26b50d8,248
874cd921-2235-446c-88f4-9360f26b50d8,203
874cd921-2235-446c-88f4-9360f26b50d8,228
75885666-0c04-4c15-8d20-787e2a731f51,246
75885666-0c04-4c15-8d20-787e2a731f51,259
75885666-0c04-4c15-8d20-787e2a731f51,288
75885666-0c04-4c15-8d20-787e2a731f51,281
75885666-0c04-4c15-8d20-787e2a731f51,252
75885666-0c04-4c15-8d20-787e2a731f51,228
75885666-0c04-4c15-8d20-787e2a731f51,248
75885666-0c04-4c15-8d20-787e2a731f51,203
75885666-0c04-4c15-8d20-787e2a731f51,228
75885666-0c04-4c15-8d20-787e2a731f51,213
75885666-0c04-4c15-8d20-787e2a731f51,203
75885666-0c04-4c15-8d20-787e2a731f51,206
75885666-0c04-4c15-8d20-787e2a731f51,177
75885666-0c04-4c15-8d20-787e2a731f51,200
75885666-0c04-4c15-8d20-787e2a731f51,213
75885666-0c04-4c15-8d20-787e2a731f51,248
75885666-0c04-4c15-8d20-787e2a731f51,228
75885666-0c04-4c15-8d20-787e2a731f51,206
75885666-0c04-4c15-8d20-787e2a731f51,248
75885666-0c04-4c15-8d20-787e2a731f51,203
75885666-0c04-4c15-8d20-787e2a731f51,228
75885666-0c04-4c15-8d20-787e2a731f51,213
75885666-0c04-4c15-8d20-787e2a731f51,203
75885666-0c04-4c15-8d20-787e2a731f51,206
75885666-0c04-4c15-8d20-787e2a731f51,213
75885666-0c04-4c15-8d20-787e2a731f51,248
75885666-0c04-4c15-8d20-787e2a731f51,228
75885666-0c04-4c15-8d20-787e2a731f51,206
75885666-0c04-4c15-8d20-787e2a731f51,248
75885666-0c04-4c15-8d20-787e2a731f51,203
75885666-0c04-4c15-8d20-787e2a731f51,228
75885666-0c04-4c15-8d20-787e2a731f51,213
75885666-0c04-4c15-8d20-787e2a731f51,203
75885666-0c04-4c15-8d20-787e2a731f51,206
75885666-0c04-4c15-8d20-787e2a731f51,213
75885666-0c04-4c15-8d20-787e2a731f51,248
75885666-0c04-4c15-8d20-787e2a731f51,228
75885666-0c04-4c15-8d20-787e2a731f51,206
75885666-0c04-4c15-8d20-787e2a731f51,248
75885666-0c04-4c15-8d20-787e2a731f51,203
75885666-0c04-4c15-8d20-787e2a731f51,228
75885666-0c04-4c15-8d20-787e2a731f51,213
75885666-0c04-4c15-8d20-787e2a731f51,203
75885666-0c04-4c15-8d20-787e2a731f51,206
75885666-0c04-4c15-8d20-787e2a731f51,213
75885666-0c04-4c15-8d20-787e2a731f51,248
75885666-0c04-4c15-8d20-787e2a731f51,228
75885666-0c04-4c15-8d20-787e2a731f51,206
75885666-0c04-4c15-8d20-787e2a731f51,248
75885666-0c04-4c15-8d20-787e2a731f51,203
75885666-0c04-4c15-8d20-787e2a731f51,228
75885666-0c04-4c15-8d20-787e2a731f51,213
75885666-0c04-4c15-8d20-787e2a731f51,203
75885666-0c04-4c15-8d20-787e2a731f51,206
75885666-0c04-4c15-8d20-787e2a731f51,213
75885666-0c04-4c15-8d20-787e2a731f51,248
75885666-0c04-4c15-8d20-787e2a731f51,228
75885666-0c04-4c15-8d20-787e2a731f51,206
75885666-0c04-4c15-8d20-787e2a731f51,248
75885666-0c04-4c15-8d20-787e2a731f51,203
75885666-0c04-4c15-8d20-787e2a731f51,228
75885666-0c04-4c15-8d20-787e2a731f51,213
75885666-0c04-4c15-8d20-787e2a731f51,203
75885666-0c04-4c15-8d20-787e2a731f51,206
75885666-0c04-4c15-8d20-787e2a731f51,213
75885666-0c04-4c15-8d20-787e2a731f51,248
75885666-0c04-4c15-8d20-787e2a731f51,228
75885666-0c04-4c15-8d20-787e2a731f51,206
75885666-0c04-4c15-8d20-787e2a731f51,248
75885666-0c04-4c15-8d20-787e2a731f51,203
75885666-0c04-4c15-8d20-787e2a731f51,228
75885666-0c04-4c15-8d20-787e2a731f51,213
75885666-0c04-4c15-8d20-787e2a731f51,203
75885666-0c04-4c15-8d20-787e2a731f51,206
75885666-0c04-4c15-8d20-787e2a731f51,213
75885666-0c04-4c15-8d20-787e2a731f51,248
75885666-0c04-4c15-8d20-787e2a731f51,228
75885666-0c04-4c15-8d20-787e2a731f51,206
75885666-0c04-4c15-8d20-787e2a731f51,248
75885666-0c04-4c15-8d20-787e2a731f51,203
75885666-0c04-4c15-8d20-787e2a731f51,228
75885666-0c04-4c15-8d20-787e2a731f51,213
75885666-0c04-4c15-8d20-787e2a731f51,203
75885666-0c04-4c15-8d20-787e2a731f51,206
75885666-0c04-4c15-8d20-787e2a731f51,213
75885666-0c04-4c15-8d20-787e2a731f51,248
75885666-0c04-4c15-8d20-787e2a731f51,228
75885666-0c04-4c15-8d20-787e2a731f51,206
75885666-0c04-4c15-8d20-787e2a731f51,248
75885666-0c04-4c15-8d20-787e2a731f51,203
75885666-0c04-4c15-8d20-787e2a731f51,228
75885666-0c04-4c15-8d20-787e2a731f51,213
75885666-0c04-4c15-8d20-787e2a731f51,203
75885666-0c04-4c15-8d20-787e2a731f51,206
75885666-0c04-4c15-8d20-787e2a731f51,213
75885666-0c04-4c15-8d20-787e2a731f51,248
75885666-0c04-4c15-8d20-787e2a731f51,228
75885666-0c04-4c15-8d20-787e2a731f51,206
75885666-0c04-4c15-8d20-787e2a731f51,248
75885666-0c04-4c15-8d20-787e2a731f51,203
75885666-0c04-4c15-8d20-787e2a731f51,228
c558f49f-62fe-4036-ae6e-3cd8c9765f8b,246
c558f49f-62fe-4036-ae6e-3cd8c9765f8b,259
c558f49f-62fe-4036-ae6e-3cd8c9765f8b,288
c558f49f-62fe-4036-ae6e-3cd8c9765f8b,281
c558f49f-62fe-4036-ae6e-3cd8c9765f8b,252
c558f49f-62fe-4036-ae6e-3cd8c9765f8b,228
c558f49f-62fe-4036-ae6e-3cd8c9765f8b,248
c558f49f-62fe-4036-ae6e-3cd8c9765f8b,203
c558f49f-62fe-4036-ae6e-3cd8c9765f8b,228
c558f49f-62fe-4036-ae6e-3cd8c9765f8b,213
c558f49f-62fe-4036-ae6e-3cd8c9765f8b,203
c558f49f-62fe-4036-ae6e-3cd8c9765f8b,206
c558f49f-62fe-4036-ae6e-3cd8c9765f8b,177
c558f49f-62fe-4036-ae6e-3cd8c9765f8b,200
c558f49f-62fe-4036-ae6e-3cd8c9765f8b,213
c558f49f-62fe-4036-ae6e-3cd8c9765f8b,248
c558f49f-62fe-4036-ae6e-3cd8c9765f8b,228
c558f49f-62fe-4036-ae6e-3cd8c9765f8b,206
c558f49f-62fe-4036-ae6e-3cd8c9765f8b,248
c558f49f-62fe-4036-ae6e-3cd8c9765f8b,203
c558f49f-62fe-4036-ae6e-3cd8c9765f8b,228
c558f49f-62fe-4036-ae6e-3cd8c9765f8b,213
c558f49f-62fe-4036-ae6e-3cd8c9765f8b,203
c558f49f-62fe-4036-ae6e-3cd8c9765f8b,206
c558f49f-62fe-4036-ae6e-3cd8c9765f8b,213
c558f49f-62fe-4036-ae6e-3cd8c9765f8b,248
c558f49f-62fe-4036-ae6e-3cd8c9765f8b,228
c558f49f-62fe-4036-ae6e-3cd8c9765f8b,206
c558f49f-62fe-4036-ae6e-3cd8c9765f8b,248
c558f49f-62fe-4036-ae6e-3cd8c9765f8b,203
c558f49f-62fe-4036-ae6e-3cd8c9765f8b,228
c558f49f-62fe-4036-ae6e-3cd8c9765f8b,213
c558f49f-62fe-4036-ae6e-3cd8c9765f8b,203
c558f49f-62fe-4036-ae6e-3cd8c9765f8b,206
c558f49f-62fe-4036-ae6e-3cd8c9765f8b,213
c558f49f-62fe-4036-ae6e-3cd8c9765f8b,248
c558f49f-62fe-4036-ae6e-3cd8c9765f8b,228
c558f49f-62fe-4036-ae6e-3cd8c9765f8b,206
c558f49f-62fe-4036-ae6e-3cd8c9765f8b,248
c558f49f-62fe-4036-ae6e-3cd8c9765f8b,203
c558f49f-62fe-4036-ae6e-3cd8c9765f8b,228
c558f49f-62fe-4036-ae6e-3cd8c9765f8b,213
c558f49f-62fe-4036-ae6e-3cd8c9765f8b,203
c558f49f-62fe-4036-ae6e-3cd8c9765f8b,206
c558f49f-62fe-4036-ae6e-3cd8c9765f8b,213
c558f49f-62fe-4036-ae6e-3cd8c9765f8b,248
c558f49f-62fe-4036-ae6e-3cd8c9765f8b,228
c558f49f-62fe-4036-ae6e-3cd8c9765f8b,206
c558f49f-62fe-4036-ae6e-3cd8c9765f8b,248
c558f49f-62fe-4036-ae6e-3cd8c9765f8b,203
c558f49f-62fe-4036-ae6e-3cd8c9765f8b,228
c558f49f-62fe-4036-ae6e-3cd8c9765f8b,213
c558f49f-62fe-4036-ae6e-3cd8c9765f8b,203
c558f49f-62fe-4036-ae6e-3cd8c9765f8b,206
c558f49f-62fe-4036-ae6e-3cd8c9765f8b,213
c558f49f-62fe-4036-ae6e-3cd8c9765f8b,248
c558f49f-62fe-4036-ae6e-3cd8c9765f8b,228
c558f49f-62fe-4036-ae6e-3cd8c9765f8b,206
c558f49f-62fe-4036-ae6e-3cd8c9765f8b,248
c558f49f-62fe-4036-ae6e-3cd8c9765f8b,203
c558f49f-62fe-4036-ae6e-3cd8c9765f8b,228
c558f49f-62fe-4036-ae6e-3cd8c9765f8b,213
c558f49f-62fe-4036-ae6e-3cd8c9765f8b,203
c558f49f-62fe-4036-ae6e-3cd8c9765f8b,206
c558f49f-62fe-4036-ae6e-3cd8c9765f8b,213
c558f49f-62fe-4036-ae6e-3cd8c9765f8b,248
c558f49f-62fe-4036-ae6e-3cd8c9765f8b,228
c558f49f-62fe-4036-ae6e-3cd8c9765f8b,206
c558f49f-62fe-4036-ae6e-3cd8c9765f8b,248
c558f49f-62fe-4036-ae6e-3cd8c9765f8b,203
c558f49f-62fe-4036-ae6e-3cd8c9765f8b,228
c558f49f-62fe-4036-ae6e-3cd8c9765f8b,213
c558f49f-62fe-4036-ae6e-3cd8c9765f8b,203
c558f49f-62fe-4036-ae6e-3cd8c9765f8b,206
c558f49f-62fe-4036-ae6e-3cd8c9765f8b,213
c558f49f-62fe-4036-ae6e-3cd8c9765f8b,248
c558f49f-62fe-4036-ae6e-3cd8c9765f8b,228
c558f49f-62fe-4036-ae6e-3cd8c9765f8b,206
c558f49f-62fe-4036-ae6e-3cd8c9765f8b,248
c558f49f-62fe-4036-ae6e-3cd8c9765f8b,203
c558f49f-62fe-4036-ae6e-3cd8c9765f8b,228
c558f49f-62fe-4036-ae6e-3cd8c9765f8b,213
c558f49f-62fe-4036-ae6e-3cd8c9765f8b,203
c558f49f-62fe-4036-ae6e-3cd8c9765f8b,206
c558f49f-62fe-4036-ae6e-3cd8c9765f8b,213
c558f49f-62fe-4036-ae6e-3cd8c9765f8b,248
c558f49f-62fe-4036-ae6e-3cd8c9765f8b,228
c558f49f-62fe-4036-ae6e-3cd8c9765f8b,206
c558f49f-62fe-4036-ae6e-3cd8c9765f8b,248
c558f49f-62fe-4036-ae6e-3cd8c9765f8b,203
c558f49f-62fe-4036-ae6e-3cd8c9765f8b,228
c558f49f-62fe-4036-ae6e-3cd8c9765f8b,213
c558f49f-62fe-4036-ae6e-3cd8c9765f8b,203
c558f49f-62fe-4036-ae6e-3cd8c9765f8b,206
c558f49f-62fe-4036-ae6e-3cd8c9765f8b,213
c558f49f-62fe-4036-ae6e-3cd8c9765f8b,248
c558f49f-62fe-4036-ae6e-3cd8c9765f8b,228
c558f49f-62fe-4036-ae6e-3cd8c9765f8b,206
c558f49f-62fe-4036-ae6e-3cd8c9765f8b,248
c558f49f-62fe-4036-ae6e-3cd8c9765f8b,203
c558f49f-62fe-4036-ae6e-3cd8c9765f8b,228
